<?xml version="1.0" encoding="UTF-8" ?>
<!DOCTYPE mapper PUBLIC "-//mybatis.org//DTD Mapper 3.0//EN"
        "https://mybatis.org/dtd/mybatis-3-mapper.dtd">
<mapper namespace="com.green.hoteldog.reservation.ReservationMapper">

    <!--호텔 예약-->
    <insert id="insHotelReservation" useGeneratedKeys="true" keyProperty="resPk">
        INSERT INTO t_reservation
        (hotel_room_pk, user_pk, hotel_pk, from_date, to_date, dog_ea)
        VALUES (
          #{hotelRoomPk}
        , #{userPk}
        , #{hotelPk}
        , #{fromDate}
        , #{toDate}
        , #{dogEa}
        )
        <!--0. 잔행 중, 1. 승인, 2. 퇴실, 3. 본인 취소, 4. 호텔 취소-->
    </insert>

    <insert id="insHotelReservationDogMineInfo">
        INSERT INTO t_reservation_dog_mine_info
        SET res_pk = #{resPk}
        , user_dog_info = #{userDogInfo}
        , information = #{information}
    </insert>

    <insert id="insHotelReservationDogWriteInfo">
        INSERT INTO t_reservation_dog_handwriting_info
        SET res_pk = #{resPk}
        , size_pk = #{sizePk}
        , dog_nm = #{dogNm}
        , dog_age = #{dogAge}
        , information = #{information}
    </insert>
    <!---->


    <!--예약 취소-->
    <select id="selHotelReservation">
        SELECT res_pk AS resPk FROM t_reservation
        WHERE user_pk = #{userPk}
        AND hotel_pk = #{hotelPk}
        AND hotel_room_pk = #{hotelRoomPk}
    </select>

    <delete id="delHotelReservationDogMineInfo">
        DELETE FROM t_reservation_dog_mine_info
        WHERE res_pk = #{resPk}
    </delete>

    <delete id="delHotelReservationDogWriteInfo">
        DELETE FROM t_reservation_dog_handwriting_info
        WHERE res_pk = #{resPk}
    </delete>

    <delete id="delHotelReservation">
        DELETE FROM t_reservation
        WHERE user_pk = #{userPk}
        AND hotel_pk = #{hotelPk}
        AND hotel_room_pk = #{hotelRoomPk}
    </delete>
    <!--이름-->

    <select id="getDogInfoReservation">
        SELECT A.res_pk AS resPk, B.dog_nm AS dogNm
        FROM t_res_comprehensive_info A
        JOIN t_res_dog_info B
        ON A.res_dog_pk=B.res_dog_pk
        WHERE A.res_pk IN
        <foreach collection="list" item="resPk" open="(" close=")" separator=",">
            #{resPk}
        </foreach>
    </select>
    <select id="getUserReservation">
        SELECT D.hotel_nm AS hotelNm,D.hotel_call AS hotelCall
        ,   C.hotel_room_nm AS hotelRoomNm ,A.from_date AS fromDate
        ,   A.to_date AS toDate,C.room_pic AS roomPic ,A.res_pk AS resPk
        FROM t_reservation A
        JOIN t_res_comprehensive_info B
        ON A.res_pk=B.res_pk
        JOIN t_hotel_room_info C
        ON B.hotel_room_pk=C.hotel_room_pk
        JOIN t_hotel D
        ON A.hotel_pk=D.hotel_pk
        WHERE A.user_pk=#{userPk} AND A.res_status=1
    </select>
    <!--승준-->

</mapper>